cliente_id,meses_como_cliente,compras_12m,dias_desde_ultima_compra,gasto_total_12m,ticket_medio,categoria_preferida,canal_preferido,pct_compras_com_cupom,abriu_email_mkt_pct,visitas_site_mes,chamados_suporte_12m,devolucoes_12m
C00001,64,15,35,8850,452,beleza,app,0.144,0.47,11,3,1
C00002,33,20,44,2130,105,moda,app,0.533,0.547,10,3,4
C00003,70,6,31,4600,458,eletronicos,site,0.093,0.582,30,0,1
C00004,22,14,1,6460,404,casa,site,0.106,0.516,15,2,0
C00005,31,9,41,1460,101,eletronicos,app,0.937,0.305,7,3,2
C00006,4,4,103,230,118,casa,app,0.265,0.193,5,0,0
C00007,38,20,23,8730,184,casa,site,0.05,0.679,13,2,0
C00008,47,13,38,1770,380,eletronicos,app,0.12,0.519,18,1,0
C00009,52,0,171,690,129,mercado,loja,0.778,0.051,4,5,4
C00010,32,1,207,360,95,mercado,site,0.497,0.0,5,3,3
C00011,6,3,118,370,123,casa,site,0.329,0.127,5,1,0
C00012,49,1,70,670,154,casa,site,0.381,0.074,4,5,0
C00013,71,21,1,4900,410,casa,app,0.019,0.631,17,1,1
C00014,4,9,27,1700,74,mercado,app,0.63,0.334,13,0,3
C00015,5,1,48,280,200,mercado,site,0.097,0.136,4,0,1
C00016,55,16,30,1500,325,eletronicos,site,0.166,0.454,4,1,2
C00017,36,27,28,6190,296,casa,site,0.059,0.367,24,1,1
C00018,34,22,15,11610,340,casa,site,0.151,0.456,26,1,0
C00019,76,16,18,7350,290,beleza,site,0.0,0.459,12,1,1
C00020,33,8,30,2440,115,moda,app,0.725,0.282,20,2,4
C00021,37,15,10,12280,440,eletronicos,app,0.132,0.716,17,1,1
C00022,7,1,30,390,115,casa,loja,0.055,0.131,3,2,1
C00023,38,5,76,1040,56,beleza,loja,0.303,0.02,1,7,3
C00024,3,13,33,2220,143,beleza,app,0.894,0.257,8,4,5
C00025,2,3,98,370,215,casa,loja,0.212,0.146,2,1,1
C00026,5,4,115,1060,60,mercado,loja,0.329,0.206,8,1,0
C00027,28,11,14,5060,285,eletronicos,site,0.0,0.511,23,1,0
C00028,8,17,8,2060,97,moda,app,0.713,0.38,23,3,1
C00029,24,13,28,3040,128,moda,app,0.725,0.373,8,3,3
C00030,6,13,14,2540,73,beleza,app,0.657,0.255,9,6,3
C00031,6,2,47,290,83,eletronicos,loja,0.268,0.134,3,0,0
C00032,4,18,2,2290,106,moda,app,0.692,0.331,9,2,2
C00033,9,5,22,480,40,casa,app,0.358,0.133,3,0,1
C00034,36,24,19,3040,218,casa,app,0.057,0.687,23,2,1
C00035,4,13,55,400,76,moda,app,0.805,0.146,11,2,4
C00036,42,2,187,800,213,beleza,loja,0.448,0.079,2,5,4
C00037,34,2,203,80,53,beleza,loja,0.413,0.092,2,5,2
C00038,48,22,22,6360,446,casa,app,0.001,0.731,22,0,0
C00039,50,4,131,610,267,mercado,loja,0.704,0.076,0,2,7
C00040,23,7,76,1400,99,mercado,app,0.552,0.451,5,3,0
C00041,36,2,263,650,96,eletronicos,loja,0.364,0.044,0,5,6
C00042,19,12,34,1390,83,mercado,app,0.749,0.486,10,3,5
C00043,15,9,41,620,89,mercado,app,0.683,0.468,20,0,3
C00044,39,23,17,8280,534,casa,site,0.063,0.893,4,0,0
C00045,30,0,213,920,61,eletronicos,site,0.425,0.084,3,1,4
C00046,40,16,30,6800,281,eletronicos,site,0.124,0.575,22,2,0
C00047,3,3,29,170,326,moda,app,0.341,0.046,0,0,1
C00048,28,14,9,7240,367,moda,app,0.132,0.648,10,0,0
C00049,37,2,158,1380,122,mercado,loja,0.694,0.075,0,5,3
C00050,5,4,62,160,127,mercado,site,0.325,0.079,4,2,0
C00051,44,20,1,6390,336,moda,app,0.054,0.604,23,2,1
C00052,50,22,26,4100,257,eletronicos,loja,0.074,0.527,25,0,1
C00053,12,14,29,2620,126,moda,site,0.659,0.536,19,3,5
C00054,8,1,41,290,204,beleza,app,0.177,0.194,1,1,0
C00055,5,1,48,60,139,casa,loja,0.223,0.016,0,0,1
C00056,5,4,103,410,77,eletronicos,loja,0.406,0.151,2,0,0
C00057,44,13,1,8050,411,moda,loja,0.119,0.44,20,0,2
C00058,37,8,21,1030,91,mercado,app,0.73,0.229,23,4,3
C00059,20,14,16,3350,73,casa,app,0.63,0.448,6,3,2
C00060,65,22,17,6550,234,beleza,site,0.148,0.619,9,0,0
C00061,49,17,26,6230,396,casa,app,0.0,0.665,25,0,2
C00062,34,19,19,6590,438,casa,app,0.104,0.489,23,1,0
C00063,57,16,19,5620,244,eletronicos,app,0.084,0.575,19,2,0
C00064,11,13,27,1470,99,casa,loja,0.77,0.39,16,3,2
C00065,11,17,5,1880,119,mercado,app,0.903,0.479,11,5,1
C00066,16,2,196,730,145,mercado,loja,0.524,0.12,3,1,0
C00067,11,17,46,2980,96,beleza,app,0.737,0.478,8,1,2
C00068,41,1,150,590,149,moda,app,0.233,0.065,3,9,2
C00069,3,20,47,1500,139,beleza,app,0.707,0.406,14,0,0
C00070,7,22,38,1100,120,beleza,site,0.633,0.322,16,4,6
C00071,44,18,29,4020,443,casa,site,0.115,0.586,30,3,0
C00072,69,24,10,7240,436,beleza,site,0.037,0.75,8,1,1
C00073,26,20,13,8600,320,moda,site,0.0,0.707,15,3,0
C00074,27,1,139,300,248,casa,loja,0.398,0.005,1,5,4
C00075,37,4,240,810,289,casa,loja,0.285,0.071,3,10,4
C00076,55,7,34,6170,358,eletronicos,site,0.094,0.717,19,2,1
C00077,14,9,24,2640,105,moda,loja,0.761,0.194,4,2,3
C00078,5,5,30,430,169,mercado,site,0.291,0.0,2,0,0
C00079,6,1,26,860,289,moda,loja,0.217,0.082,1,1,0
C00080,17,11,45,1350,60,beleza,app,0.829,0.523,9,3,0
C00081,5,3,78,80,211,moda,site,0.324,0.206,0,1,0
C00082,41,3,206,1280,151,moda,loja,0.9,0.071,2,6,1
C00083,3,15,21,1900,55,mercado,app,0.599,0.242,21,1,2
C00084,4,3,43,520,270,beleza,site,0.095,0.224,3,0,0
C00085,39,18,18,6400,321,casa,loja,0.109,0.459,15,0,0
C00086,3,3,59,1010,246,eletronicos,site,0.321,0.384,3,1,0
C00087,45,1,73,1070,109,beleza,app,0.394,0.129,2,4,4
C00088,7,5,5,590,220,moda,site,0.151,0.226,3,2,0
C00089,42,24,5,6950,396,eletronicos,site,0.07,0.582,10,0,1
C00090,39,24,16,12700,492,beleza,site,0.016,0.358,9,2,1
C00091,5,20,16,2670,40,beleza,app,0.595,0.33,16,0,4
C00092,60,16,26,12340,569,moda,site,0.07,0.739,16,1,2
C00093,30,16,24,1870,124,mercado,app,0.688,0.386,17,3,1
C00094,24,1,119,510,117,beleza,site,0.6,0.156,5,4,5
C00095,52,18,11,6680,381,casa,app,0.033,0.694,16,1,3
C00096,18,17,22,2690,74,mercado,app,0.827,0.435,5,1,2
C00097,25,0,130,500,267,beleza,site,0.709,0.057,1,7,2
C00098,11,20,14,2970,102,beleza,app,0.716,0.435,10,0,3
C00099,43,22,5,6740,303,casa,site,0.086,0.523,15,2,1
C00100,4,2,19,280,75,eletronicos,app,0.03,0.054,3,0,1
C00101,46,13,34,7670,361,casa,site,0.048,0.749,21,0,0
C00102,22,18,18,1980,70,moda,site,0.691,0.394,19,3,1
C00103,30,18,34,1440,112,mercado,loja,0.847,0.1,11,1,0
C00104,48,3,125,1150,94,casa,loja,0.223,0.035,2,4,5
C00105,72,21,9,2990,387,casa,app,0.11,0.53,26,1,1
C00106,14,5,216,80,140,moda,loja,0.523,0.079,1,12,3
C00107,4,1,119,880,45,casa,app,0.369,0.068,1,0,1
C00108,25,22,28,2820,78,mercado,app,0.712,0.377,11,0,3
C00109,15,10,20,3840,34,mercado,app,0.78,0.221,11,3,3
C00110,1,4,44,410,239,mercado,site,0.413,0.271,5,0,0
C00111,34,15,11,1570,128,mercado,app,0.96,0.38,13,2,1
C00112,62,1,133,740,130,beleza,site,0.1,0.068,1,3,3
C00113,4,5,77,630,40,eletronicos,loja,0.19,0.142,2,1,0
C00114,5,3,78,920,306,casa,app,0.0,0.002,0,1,1
C00115,41,29,17,7680,272,eletronicos,site,0.089,0.55,24,3,1
C00116,44,15,1,6280,338,beleza,site,0.213,0.8,8,2,2
C00117,42,2,112,850,264,moda,loja,0.357,0.109,2,8,2
C00118,34,17,11,3810,298,beleza,app,0.121,0.658,10,2,0
C00119,13,16,24,1900,86,mercado,app,0.79,0.359,4,6,2
C00120,30,13,19,5580,302,casa,site,0.083,0.619,13,1,1
C00121,14,4,30,1050,74,eletronicos,app,0.717,0.212,21,3,3
C00122,3,4,111,380,190,mercado,app,0.38,0.0,3,0,1
C00123,37,21,5,5930,120,casa,site,0.165,0.467,23,1,0
C00124,8,7,48,3440,77,mercado,app,0.699,0.608,4,2,2
C00125,58,1,237,1420,137,moda,loja,0.493,0.07,0,5,5
C00126,41,1,133,600,93,mercado,site,0.597,0.0,3,1,0
C00127,34,0,122,450,133,casa,loja,0.139,0.11,4,5,6
C00128,1,3,24,60,143,mercado,app,0.019,0.106,6,1,1
C00129,41,1,70,1200,110,beleza,loja,0.362,0.033,4,1,5
C00130,6,5,112,220,202,beleza,app,0.262,0.0,2,1,2
C00131,48,17,1,7580,310,beleza,site,0.138,0.875,15,2,0
C00132,44,21,13,5420,464,moda,site,0.025,0.582,13,0,0
C00133,7,2,107,570,146,beleza,app,0.18,0.0,0,2,0
C00134,59,12,18,7210,304,casa,app,0.004,0.426,8,2,0
C00135,14,17,40,2200,158,beleza,app,0.604,0.323,5,1,3
C00136,2,4,87,650,98,beleza,loja,0.313,0.182,3,1,0
C00137,26,16,13,2350,119,moda,app,0.99,0.456,17,1,1
C00138,40,19,19,1380,108,mercado,app,0.691,0.369,8,1,2
C00139,36,1,155,660,191,eletronicos,loja,0.447,0.197,2,9,5
C00140,31,16,2,1790,58,moda,app,0.697,0.361,20,2,1
C00141,4,2,15,110,146,eletronicos,app,0.206,0.127,4,1,1
C00142,42,28,3,3160,350,eletronicos,app,0.092,0.505,11,2,2
C00143,4,3,30,370,299,casa,app,0.394,0.174,3,0,1
C00144,34,22,37,4970,195,casa,app,0.135,0.518,11,1,0
C00145,6,5,44,620,49,beleza,app,0.169,0.177,1,1,0
C00146,30,18,26,3420,368,casa,site,0.126,0.541,15,1,0
C00147,6,4,121,520,40,casa,site,0.238,0.068,0,0,0
C00148,46,1,181,1260,196,casa,loja,0.489,0.118,2,6,1
C00149,3,20,35,2610,79,moda,app,0.946,0.308,10,4,2
C00150,32,24,18,3490,221,casa,site,0.176,0.71,11,0,0
C00151,14,2,100,810,178,moda,site,0.261,0.112,4,3,5
C00152,29,5,272,760,115,mercado,site,0.585,0.149,1,6,4
C00153,4,1,90,60,139,casa,site,0.256,0.063,4,0,1
C00154,52,26,6,6690,491,casa,site,0.004,0.511,9,0,1
C00155,4,3,54,520,162,moda,site,0.104,0.093,2,1,1
C00156,51,18,22,7920,374,eletronicos,site,0.003,0.446,19,0,0
C00157,4,19,37,2580,41,moda,site,0.667,0.343,11,2,3
C00158,5,4,32,890,235,mercado,app,0.346,0.175,4,0,1
C00159,37,2,182,770,98,mercado,site,0.471,0.103,0,5,2
C00160,41,20,19,8780,284,beleza,site,0.118,0.69,7,2,1
C00161,39,16,24,2160,82,moda,loja,0.86,0.509,20,4,2
C00162,7,4,49,260,155,beleza,site,0.397,0.075,4,1,0
C00163,32,8,47,9830,548,eletronicos,site,0.099,0.473,16,0,1
C00164,37,17,8,9120,392,eletronicos,app,0.066,0.454,7,2,0
C00165,3,4,24,2210,96,beleza,app,0.423,0.195,15,5,1
C00166,26,16,43,770,77,casa,app,0.517,0.185,14,5,1
C00167,25,16,17,3050,495,eletronicos,loja,0.034,0.482,20,2,2
C00168,4,3,82,450,169,casa,site,0.0,0.1,2,2,1
C00169,35,18,4,5530,204,eletronicos,site,0.066,0.582,11,1,1
C00170,1,3,75,120,76,casa,app,0.528,0.1,3,0,1
C00171,43,1,291,1370,227,moda,loja,0.416,0.043,0,6,4
C00172,48,22,18,6860,395,casa,site,0.134,0.54,24,1,0
C00173,51,3,180,920,271,mercado,site,0.526,0.113,1,4,3
C00174,26,10,50,2350,83,moda,app,0.859,0.442,10,3,0
C00175,21,15,11,3180,90,mercado,app,0.617,0.313,17,3,4
C00176,3,2,76,390,188,moda,site,0.445,0.098,5,1,0
C00177,1,1,86,630,123,moda,site,0.319,0.201,3,0,1
C00178,31,13,2,1960,55,moda,app,0.678,0.297,9,2,3
C00179,21,1,70,80,148,mercado,loja,0.559,0.077,4,7,6
C00180,55,15,35,5360,166,beleza,site,0.098,0.601,16,1,0
C00181,41,20,25,5900,376,beleza,site,0.094,0.575,15,0,0
C00182,25,20,42,2840,69,mercado,app,0.573,0.179,12,4,0
C00183,5,5,75,740,181,mercado,app,0.0,0.076,2,0,0
C00184,2,2,76,760,137,casa,site,0.256,0.082,5,1,0
C00185,4,3,50,290,132,beleza,site,0.523,0.075,5,1,0
C00186,4,1,79,150,59,mercado,site,0.14,0.08,1,1,1
C00187,3,7,67,60,177,moda,app,0.519,0.141,5,2,1
C00188,34,3,117,910,193,casa,loja,0.336,0.099,5,3,5
C00189,28,7,80,2220,87,beleza,loja,0.696,0.5,11,0,2
C00190,27,24,13,4970,442,mercado,site,0.0,0.626,15,0,0
C00191,3,4,87,540,153,moda,app,0.515,0.182,2,0,1
C00192,17,2,205,80,126,mercado,app,0.123,0.0,3,7,5
C00193,44,7,24,10980,396,moda,app,0.175,0.727,17,0,1
C00194,40,19,14,6150,484,casa,site,0.083,0.45,14,3,0
C00195,43,2,128,370,105,beleza,site,0.303,0.079,3,6,6
C00196,4,5,94,1010,152,eletronicos,loja,0.362,0.114,4,1,0
C00197,25,16,2,2850,113,beleza,site,0.711,0.293,13,4,3
C00198,29,20,60,2280,103,beleza,site,0.692,0.512,12,1,6
C00199,28,9,23,2290,97,mercado,app,0.517,0.28,5,2,5
C00200,43,22,30,6020,274,casa,site,0.083,0.457,22,2,1
C00201,23,17,2,2120,76,mercado,app,0.823,0.369,11,2,2
C00202,31,17,18,2930,119,moda,app,0.533,0.245,10,1,2
C00203,53,25,14,5810,125,mercado,site,0.0,0.572,20,3,0
C00204,26,17,15,3270,70,beleza,app,0.918,0.219,8,1,2
C00205,35,10,32,1320,121,beleza,site,0.696,0.488,17,2,4
C00206,14,1,279,890,150,casa,site,0.222,0.149,1,8,2
C00207,63,11,4,7770,410,casa,app,0.056,0.623,16,2,1
C00208,34,4,208,390,220,mercado,site,0.559,0.105,0,8,3
C00209,4,1,44,440,246,casa,app,0.16,0.211,3,0,0
C00210,45,18,28,2500,77,mercado,app,0.769,0.489,10,3,5
C00211,47,1,217,580,243,mercado,site,0.688,0.011,2,8,5
C00212,1,1,77,790,168,moda,loja,0.238,0.101,2,1,0
C00213,20,11,5,1690,63,beleza,app,0.99,0.224,8,2,1
C00214,43,7,21,6930,623,casa,site,0.081,0.542,10,0,1
C00215,38,14,15,4720,390,mercado,site,0.029,0.61,9,0,2
C00216,51,14,32,2400,63,moda,app,0.652,0.306,5,3,1
C00217,58,19,23,5370,324,moda,site,0.0,0.461,22,0,2
C00218,10,24,12,3730,30,casa,app,0.624,0.349,9,3,3
C00219,25,3,121,600,139,mercado,loja,0.27,0.035,2,9,4
C00220,45,17,23,9100,364,eletronicos,site,0.108,0.695,7,0,1
C00221,60,26,2,6810,230,eletronicos,loja,0.0,0.372,23,0,1
C00222,5,2,104,640,263,moda,site,0.301,0.164,0,2,0
C00223,54,12,29,5500,396,eletronicos,loja,0.141,0.469,17,1,1
C00224,67,27,12,7770,336,eletronicos,app,0.088,0.656,12,2,2
C00225,47,0,159,1420,56,beleza,site,0.824,0.013,2,2,2
C00226,3,1,47,740,100,eletronicos,app,0.298,0.152,6,2,0
C00227,47,14,13,7740,120,casa,app,0.242,0.721,10,0,1
C00228,23,18,42,3250,101,casa,loja,0.641,0.406,18,1,5
C00229,32,18,24,1400,92,mercado,site,0.528,0.238,13,0,2
C00230,50,15,19,8130,209,casa,app,0.132,0.719,6,2,1
C00231,23,5,175,1010,40,eletronicos,loja,0.546,0.175,2,6,8
C00232,9,4,57,60,127,beleza,app,0.133,0.131,5,0,0
C00233,1,2,66,620,157,moda,site,0.2,0.092,2,1,0
C00234,49,13,21,6600,324,casa,site,0.116,0.498,2,2,3
C00235,43,17,24,4890,236,mercado,app,0.0,0.319,24,1,0
C00236,58,23,12,2310,481,eletronicos,site,0.109,0.453,18,1,1
C00237,39,5,108,860,174,moda,site,0.394,0.164,0,5,5
C00238,54,16,18,7610,306,eletronicos,app,0.032,0.673,5,1,0
C00239,8,19,40,2130,103,eletronicos,site,0.564,0.282,9,4,5
C00240,3,5,5,400,40,beleza,site,0.392,0.105,2,0,0
C00241,21,25,14,7500,270,eletronicos,app,0.0,0.322,20,2,1
C00242,3,6,45,270,40,casa,site,0.282,0.18,1,0,0
C00243,61,1,179,930,199,eletronicos,loja,0.357,0.043,2,8,5
C00244,17,11,16,1630,90,mercado,app,0.582,0.365,4,2,3
C00245,39,2,220,930,106,beleza,loja,0.468,0.088,2,4,1
C00246,8,1,47,400,218,moda,app,0.146,0.081,4,2,1
C00247,3,5,41,130,228,moda,app,0.585,0.3,2,1,0
C00248,7,1,81,490,310,beleza,loja,0.258,0.161,1,0,0
C00249,5,3,37,780,248,beleza,loja,0.385,0.191,4,0,0
C00250,28,12,52,2360,138,eletronicos,app,0.923,0.567,16,2,0
C00251,51,19,16,6150,178,moda,site,0.076,0.496,4,1,1
C00252,13,19,28,1770,86,beleza,app,0.86,0.398,11,4,2
C00253,16,13,35,3080,91,beleza,app,0.789,0.392,8,1,5
C00254,41,26,23,3180,339,casa,site,0.086,0.712,16,0,1
C00255,33,22,30,7510,185,moda,site,0.124,0.359,29,2,1
C00256,27,17,61,840,121,moda,app,0.826,0.345,9,2,2
C00257,30,17,7,6780,259,eletronicos,app,0.105,0.773,20,2,1
C00258,4,2,15,270,212,beleza,site,0.192,0.091,1,1,0
C00259,20,19,50,920,62,mercado,app,0.347,0.464,2,3,4
C00260,25,16,45,1590,119,moda,app,0.514,0.451,7,3,0
C00261,26,20,39,2550,108,beleza,app,0.853,0.151,14,2,3
C00262,7,5,86,250,57,eletronicos,loja,0.0,0.142,5,0,0
C00263,28,18,7,1760,119,mercado,app,0.771,0.24,7,2,0
C00264,74,9,1,3930,120,eletronicos,site,0.039,0.509,14,1,0
C00265,6,4,12,700,353,casa,site,0.337,0.119,4,2,1
C00266,32,23,1,9900,343,eletronicos,app,0.086,0.455,11,3,1
C00267,16,14,18,3430,93,mercado,app,0.648,0.354,16,1,2
C00268,24,23,23,3520,30,beleza,app,0.697,0.353,7,3,3
C00269,23,14,58,1760,137,mercado,app,0.713,0.23,4,3,3
C00270,84,12,26,9980,398,casa,loja,0.032,0.537,18,0,0
C00271,41,1,150,1270,131,eletronicos,loja,0.594,0.046,1,6,4
C00272,4,3,76,420,249,casa,loja,0.232,0.12,3,0,1
C00273,47,23,21,6200,491,mercado,site,0.0,0.676,21,1,1
C00274,45,26,25,8360,453,beleza,site,0.049,0.699,11,1,0
C00275,68,17,17,11390,249,moda,site,0.083,0.546,22,0,1
C00276,4,4,54,590,153,eletronicos,site,0.411,0.071,4,2,0
C00277,4,3,75,400,137,moda,app,0.453,0.125,0,1,0
C00278,39,3,197,770,243,eletronicos,app,0.116,0.167,2,7,7
C00279,20,16,25,1850,126,beleza,loja,0.508,0.332,9,0,1
C00280,1,2,38,190,227,casa,loja,0.141,0.073,4,0,0
C00281,21,6,42,3200,110,mercado,app,0.928,0.361,2,2,1
C00282,9,22,4,2640,30,mercado,loja,0.772,0.466,4,3,1
C00283,5,3,31,320,128,beleza,site,0.09,0.173,6,1,1
C00284,16,13,16,1800,98,moda,app,0.627,0.306,11,2,4
C00285,2,1,89,80,250,casa,app,0.456,0.102,5,2,0
C00286,55,18,16,12150,368,eletronicos,site,0.22,0.482,24,1,1
C00287,4,4,26,260,40,moda,site,0.27,0.212,5,1,1
C00288,5,2,61,570,307,eletronicos,app,0.069,0.195,6,1,1
C00289,62,23,32,5190,275,eletronicos,site,0.103,0.515,10,0,0
C00290,33,2,179,1360,124,moda,loja,0.507,0.085,1,4,4
C00291,3,1,57,250,41,moda,site,0.013,0.094,2,0,0
C00292,41,11,1,9800,297,moda,app,0.164,0.518,26,0,2
C00293,55,15,23,4430,548,mercado,site,0.026,0.466,24,2,0
C00294,76,7,18,10370,372,mercado,site,0.125,0.682,5,1,1
C00295,21,25,6,6750,301,mercado,app,0.195,0.619,12,2,1
C00296,41,17,44,2690,61,mercado,app,0.826,0.553,16,3,4
C00297,50,10,22,2450,363,casa,app,0.078,0.94,17,0,1
C00298,46,6,70,910,137,casa,loja,0.495,0.033,3,3,5
C00299,2,3,5,500,104,mercado,app,0.28,0.356,3,0,0
C00300,59,14,1,6950,518,casa,site,0.055,0.669,4,2,1
C00301,10,25,39,2990,101,casa,loja,0.731,0.338,14,5,0
C00302,41,14,17,3240,118,casa,app,0.492,0.529,13,4,5
C00303,53,2,201,1400,119,mercado,app,0.511,0.064,3,4,4
C00304,3,5,16,450,288,moda,loja,0.222,0.21,2,0,1
C00305,7,2,5,180,155,casa,loja,0.441,0.044,5,2,0
C00306,4,1,10,330,249,eletronicos,site,0.01,0.188,4,0,1
C00307,5,1,65,220,93,casa,site,0.285,0.206,4,1,0
C00308,21,14,23,2130,90,moda,app,0.707,0.421,6,2,2
C00309,38,8,2,1330,112,beleza,app,0.722,0.394,9,3,3
C00310,22,10,30,3070,122,casa,app,0.738,0.206,14,4,2
C00311,28,26,36,5820,392,eletronicos,loja,0.0,0.755,19,1,1
C00312,41,21,12,3630,331,beleza,app,0.047,0.247,11,1,0
C00313,35,2,146,810,160,moda,app,0.628,0.006,2,9,6
C00314,3,2,12,150,64,eletronicos,site,0.311,0.267,1,0,0
C00315,36,2,99,440,115,eletronicos,app,0.323,0.081,1,6,4
C00316,1,1,64,400,211,moda,app,0.094,0.124,1,0,2
C00317,8,5,92,200,237,eletronicos,loja,0.252,0.049,3,0,0
C00318,5,1,48,240,120,mercado,loja,0.222,0.195,3,0,0
C00319,6,2,138,460,218,mercado,app,0.037,0.076,4,0,1
C00320,72,15,1,9760,360,mercado,site,0.0,0.674,12,1,0
C00321,7,5,29,560,122,beleza,site,0.172,0.078,4,0,1
C00322,25,26,35,2550,153,moda,app,0.829,0.375,2,3,3
C00323,41,20,51,2290,91,beleza,app,0.715,0.51,18,4,2
C00324,42,16,3,3890,136,beleza,app,0.676,0.23,10,1,2
C00325,41,23,19,7940,128,casa,site,0.067,0.601,15,3,1
C00326,40,28,16,5880,355,casa,site,0.121,0.661,23,1,1
C00327,25,1,104,350,115,beleza,site,0.332,0.018,0,7,6
C00328,27,19,23,5750,500,eletronicos,app,0.187,0.547,7,0,1
C00329,47,23,25,8710,348,eletronicos,loja,0.096,0.538,16,1,0
C00330,4,3,87,90,140,casa,loja,0.321,0.225,4,1,1
C00331,45,21,32,1110,76,moda,site,0.754,0.419,23,2,4
C00332,51,17,25,10340,372,moda,site,0.173,0.312,20,1,0
C00333,15,14,41,2010,74,mercado,site,0.481,0.262,3,1,4
C00334,5,4,81,250,236,moda,app,0.6,0.033,1,0,0
C00335,67,3,201,1690,71,eletronicos,loja,0.289,0.127,3,5,4
C00336,21,4,5,1200,39,beleza,app,0.69,0.38,21,0,5
C00337,3,3,27,110,40,mercado,site,0.0,0.157,4,1,0
C00338,25,1,236,410,147,mercado,loja,0.21,0.112,3,5,3
C00339,8,3,56,490,168,beleza,site,0.202,0.32,0,0,1
C00340,3,5,56,500,316,casa,app,0.103,0.101,0,0,1
C00341,16,12,2,2250,34,moda,app,0.645,0.538,9,3,1
C00342,41,4,235,950,132,eletronicos,site,0.415,0.0,1,5,6
C00343,39,3,180,620,239,moda,site,0.352,0.053,4,8,7
C00344,41,5,25,1240,180,beleza,site,0.99,0.219,7,6,1
C00345,75,9,34,7650,348,eletronicos,site,0.064,0.594,12,1,1
C00346,50,3,111,1790,221,mercado,site,0.39,0.139,1,5,2
C00347,44,23,45,7700,400,moda,site,0.14,0.554,17,1,0
C00348,27,20,26,400,131,moda,app,0.864,0.403,10,0,6
C00349,57,24,1,7840,207,beleza,app,0.062,0.762,14,2,1
C00350,48,15,21,3440,616,casa,site,0.109,0.95,15,2,0
C00351,52,20,20,10350,292,eletronicos,loja,0.11,0.519,21,0,0
C00352,38,1,236,690,153,eletronicos,site,0.305,0.022,1,4,6
C00353,6,11,54,1730,89,mercado,app,0.555,0.319,11,1,1
C00354,28,12,44,1760,108,beleza,app,0.827,0.308,5,2,3
C00355,60,12,25,8830,188,eletronicos,loja,0.09,0.239,13,0,0
C00356,13,12,21,1370,70,mercado,app,0.796,0.14,10,4,5
C00357,51,22,24,4890,210,beleza,site,0.174,0.514,27,1,1
C00358,30,1,182,630,235,mercado,app,0.173,0.053,1,7,2
C00359,28,2,212,1040,120,mercado,site,0.612,0.149,3,3,4
C00360,58,15,17,2470,103,moda,app,0.934,0.293,8,2,4
C00361,7,3,97,490,131,eletronicos,loja,0.127,0.124,1,0,0
C00362,39,4,133,400,112,casa,site,0.785,0.144,2,5,3
C00363,3,3,92,80,124,casa,site,0.318,0.07,3,1,1
C00364,5,2,22,370,62,casa,app,0.294,0.123,3,0,1
C00365,9,15,16,2410,81,beleza,app,0.428,0.378,13,1,2
C00366,61,18,7,7370,156,mercado,site,0.093,0.597,16,1,0
C00367,51,3,130,520,204,mercado,loja,0.643,0.0,4,5,7
C00368,5,6,40,710,222,mercado,site,0.0,0.151,1,0,0
C00369,52,23,31,7920,309,eletronicos,site,0.05,0.476,18,2,1
C00370,48,18,35,8790,357,eletronicos,app,0.118,0.524,13,2,0
C00371,41,15,29,8480,364,mercado,site,0.12,0.582,12,1,1
C00372,37,7,20,12150,212,eletronicos,app,0.095,0.563,15,0,1
C00373,34,22,20,1320,83,beleza,app,0.781,0.364,5,2,1
C00374,49,23,11,6560,209,casa,site,0.013,0.641,18,1,1
C00375,60,21,28,8180,247,eletronicos,loja,0.093,0.687,22,2,1
C00376,33,18,18,6040,164,eletronicos,site,0.082,0.665,23,1,1
C00377,5,2,72,160,211,casa,loja,0.298,0.143,3,1,2
C00378,37,20,20,9890,239,eletronicos,app,0.038,0.582,17,0,1
C00379,14,14,19,1120,55,mercado,app,0.68,0.357,9,0,2
C00380,39,15,38,1690,318,eletronicos,loja,0.079,0.803,12,0,1
C00381,32,20,41,3630,317,eletronicos,app,0.014,0.753,19,2,1
C00382,33,20,25,1140,30,eletronicos,app,0.797,0.123,17,4,3
C00383,34,18,2,2590,33,casa,app,0.583,0.503,8,4,5
C00384,10,1,9,500,173,mercado,site,0.174,0.169,1,0,1
C00385,33,18,24,7450,459,eletronicos,site,0.043,0.4,18,1,0
C00386,28,24,47,2690,66,moda,app,0.612,0.223,12,2,3
C00387,6,2,51,310,210,beleza,site,0.01,0.142,3,0,1
C00388,52,8,37,1330,95,mercado,site,0.744,0.385,8,4,0
C00389,3,19,4,3500,151,casa,loja,0.79,0.337,2,1,0
C00390,6,5,43,60,116,beleza,app,0.228,0.174,0,2,0
C00391,7,1,114,480,252,mercado,site,0.24,0.107,6,0,0
C00392,5,1,28,370,206,beleza,site,0.3,0.185,0,0,0
C00393,23,16,61,1960,80,moda,app,0.946,0.374,12,5,2
C00394,2,4,7,370,94,moda,app,0.299,0.112,3,1,1
C00395,44,22,33,2520,122,beleza,app,0.703,0.446,18,3,3
C00396,56,17,8,8470,344,eletronicos,app,0.092,0.564,9,1,2
C00397,6,5,55,1120,125,eletronicos,site,0.231,0.109,4,0,0
C00398,47,31,30,8250,548,moda,site,0.084,0.296,18,0,0
C00399,26,16,19,2260,145,mercado,app,0.723,0.329,15,3,2
C00400,1,5,102,210,122,mercado,app,0.454,0.136,7,0,2
C00401,25,16,25,1660,71,moda,app,0.7,0.515,15,3,0
C00402,3,1,29,390,142,moda,site,0.224,0.009,1,0,1
C00403,4,4,75,680,273,mercado,loja,0.366,0.241,1,1,0
C00404,17,2,168,80,112,mercado,loja,0.752,0.113,3,8,3
C00405,22,19,17,10930,298,casa,app,0.119,0.593,9,3,1
C00406,51,3,125,580,170,beleza,site,0.25,0.122,4,3,2
C00407,40,29,21,6520,468,eletronicos,site,0.012,0.675,11,1,0
C00408,6,4,22,470,97,eletronicos,app,0.234,0.156,1,0,0
C00409,23,13,5,2000,86,beleza,loja,0.841,0.33,2,2,5
C00410,58,23,5,4570,359,eletronicos,app,0.124,0.819,11,3,2
C00411,4,6,74,60,181,casa,app,0.249,0.204,5,0,1
C00412,53,12,17,5890,475,eletronicos,site,0.104,0.59,13,1,0
C00413,26,13,15,2150,119,mercado,app,0.947,0.582,13,4,2
C00414,18,8,20,3050,96,moda,site,0.521,0.197,15,1,2
C00415,44,14,35,9490,311,casa,site,0.035,0.34,17,0,2
C00416,46,1,93,570,131,beleza,loja,0.654,0.115,2,5,5
C00417,16,7,2,1320,95,beleza,site,0.9,0.33,9,3,4
C00418,3,3,65,550,227,casa,site,0.391,0.096,2,0,0
C00419,31,13,19,2200,62,mercado,app,0.9,0.315,4,2,5
C00420,5,2,48,690,40,moda,loja,0.0,0.329,3,1,2
C00421,5,3,78,60,40,beleza,loja,0.229,0.202,4,0,1
C00422,40,20,16,8710,444,eletronicos,app,0.082,0.292,20,3,1
C00423,7,1,31,200,213,beleza,app,0.275,0.223,3,0,0
C00424,11,14,16,2200,162,eletronicos,loja,0.532,0.375,19,2,5
C00425,52,21,23,10480,188,casa,app,0.033,0.638,16,2,1
C00426,23,20,44,2690,30,moda,app,0.943,0.372,18,4,5
C00427,39,10,23,9660,329,eletronicos,site,0.098,0.662,20,0,1
C00428,3,3,24,760,129,beleza,site,0.327,0.262,1,1,0
C00429,5,3,98,770,208,moda,loja,0.289,0.084,3,0,0
C00430,35,2,94,590,117,moda,site,0.339,0.06,2,3,6
C00431,44,19,33,1260,104,moda,site,0.448,0.41,15,2,2
C00432,6,3,108,740,214,eletronicos,site,0.0,0.0,2,1,0
C00433,42,19,1,7830,306,eletronicos,site,0.183,0.541,11,4,2
C00434,21,2,129,490,112,beleza,site,0.533,0.104,3,6,4
C00435,21,25,36,2650,166,moda,app,0.861,0.379,14,3,2
C00436,55,18,23,6870,521,mercado,site,0.156,0.752,10,2,0
C00437,21,12,34,1350,40,mercado,app,0.436,0.323,15,4,5
C00438,32,12,31,1460,79,beleza,app,0.691,0.567,6,4,1
C00439,36,20,12,2520,108,mercado,app,0.568,0.49,16,4,0
C00440,61,18,37,5730,489,casa,site,0.065,0.554,22,1,0
C00441,58,17,23,1500,473,casa,site,0.01,0.475,9,2,0
C00442,42,3,125,1790,134,eletronicos,loja,0.656,0.123,5,6,7
C00443,3,4,33,510,139,eletronicos,loja,0.274,0.0,4,0,1
C00444,28,17,30,1830,78,casa,site,0.687,0.431,7,3,3
C00445,52,18,8,3950,221,mercado,app,0.123,0.752,12,0,0
C00446,6,3,39,200,167,moda,app,0.324,0.183,0,1,0
C00447,53,2,162,560,220,mercado,site,0.586,0.01,2,11,4
C00448,2,3,30,440,140,casa,site,0.072,0.113,3,1,1
C00449,52,12,7,8820,166,mercado,app,0.066,0.657,18,2,0
C00450,29,18,64,1290,69,casa,app,0.858,0.268,8,3,2
C00451,33,17,21,6960,509,moda,site,0.109,0.652,16,1,0
C00452,84,11,29,6500,344,eletronicos,site,0.086,0.248,20,0,1
C00453,64,21,18,4190,395,eletronicos,site,0.017,0.765,27,0,1
C00454,4,2,95,290,236,casa,loja,0.226,0.281,4,0,1
C00455,3,16,48,2850,45,eletronicos,app,0.874,0.411,11,4,2
C00456,38,14,5,8780,482,moda,site,0.023,0.793,18,0,0
C00457,46,15,1,10080,483,casa,app,0.032,0.733,10,2,0
C00458,39,18,22,7700,371,beleza,app,0.127,0.945,16,1,2
C00459,3,3,75,640,225,eletronicos,site,0.164,0.233,5,0,0
C00460,32,15,21,7160,174,beleza,app,0.107,0.615,21,1,1
C00461,33,2,191,840,192,casa,site,0.288,0.129,2,8,5
C00462,28,2,276,230,280,eletronicos,app,0.532,0.17,2,8,1
C00463,44,2,134,100,143,moda,site,0.732,0.044,3,2,7
C00464,38,1,203,770,197,beleza,loja,0.359,0.013,3,10,5
C00465,4,6,103,510,89,moda,site,0.302,0.182,3,0,0
C00466,6,1,77,420,305,casa,site,0.415,0.208,3,0,0
C00467,3,3,25,400,40,mercado,loja,0.272,0.135,4,1,0
C00468,41,1,142,540,100,mercado,site,0.589,0.058,1,1,4
C00469,2,4,88,890,208,eletronicos,site,0.483,0.04,3,2,0
C00470,57,17,21,8460,415,eletronicos,app,0.089,0.613,21,1,1
C00471,36,1,116,460,144,beleza,site,0.733,0.0,1,10,5
C00472,6,2,26,670,290,mercado,app,0.003,0.128,4,1,0
C00473,9,14,17,2220,68,beleza,app,0.906,0.51,10,2,0
C00474,26,0,119,630,174,mercado,loja,0.549,0.088,4,9,2
C00475,45,2,131,770,183,beleza,site,0.639,0.075,2,7,2
C00476,58,14,23,6040,416,casa,site,0.037,0.558,19,0,0
C00477,43,15,6,7790,223,eletronicos,site,0.102,0.735,12,0,2
C00478,51,1,318,710,44,beleza,loja,0.446,0.0,2,4,4
C00479,2,5,39,100,203,moda,site,0.356,0.111,3,1,0
C00480,70,15,12,5500,288,casa,app,0.135,0.626,21,1,1
C00481,10,13,50,3030,112,beleza,app,0.714,0.24,14,2,1
C00482,49,13,29,1800,239,mercado,site,0.033,0.691,19,0,0
C00483,38,7,17,2300,119,beleza,app,0.585,0.447,2,2,2
C00484,44,8,3,2460,97,beleza,site,0.615,0.428,14,3,3
C00485,37,17,34,11210,182,eletronicos,app,0.124,0.418,8,2,1
C00486,8,3,45,410,267,eletronicos,site,0.451,0.024,5,0,1
C00487,42,2,213,660,89,casa,app,0.628,0.078,0,6,5
C00488,4,3,60,330,111,moda,site,0.21,0.122,2,2,0
C00489,31,10,14,7030,275,beleza,app,0.049,0.472,14,0,0
C00490,21,0,207,370,179,mercado,loja,0.623,0.0,3,6,6
C00491,18,22,36,1450,87,moda,app,0.601,0.43,6,5,1
C00492,6,4,5,260,99,mercado,site,0.207,0.215,4,0,0
C00493,1,2,18,430,255,mercado,site,0.432,0.109,3,1,1
C00494,34,1,157,750,60,moda,site,0.607,0.111,1,8,0
C00495,30,22,18,8580,456,casa,site,0.013,0.505,20,1,0
C00496,2,3,54,150,176,moda,app,0.041,0.239,4,0,1
C00497,37,19,12,400,125,beleza,loja,0.798,0.405,19,4,2
C00498,30,21,3,9110,420,eletronicos,site,0.046,0.429,28,2,1
C00499,22,19,10,6600,581,beleza,site,0.064,0.725,4,1,1
C00500,19,9,38,1960,114,eletronicos,site,0.613,0.293,13,3,2
C00501,35,21,43,6220,120,beleza,app,0.105,0.585,2,0,0
C00502,2,3,102,490,174,beleza,loja,0.204,0.205,6,0,0
C00503,4,4,100,640,211,beleza,app,0.187,0.135,2,0,0
C00504,25,19,36,2410,117,mercado,app,0.838,0.278,7,2,0
C00505,24,4,35,2880,111,beleza,app,0.99,0.435,7,2,2
C00506,29,14,11,1650,98,moda,app,0.796,0.239,9,3,2
C00507,27,26,23,6290,382,eletronicos,app,0.014,0.254,9,3,1
C00508,17,24,16,6950,196,eletronicos,site,0.0,0.934,11,1,1
C00509,8,22,32,1580,107,moda,app,0.754,0.477,11,4,5
C00510,1,2,102,60,158,beleza,app,0.251,0.176,3,1,0
C00511,9,27,18,1720,119,moda,app,0.96,0.41,2,3,1
C00512,47,11,10,1870,30,mercado,app,0.829,0.245,11,4,2
C00513,3,3,97,470,197,beleza,site,0.203,0.132,2,0,1
C00514,48,14,31,10340,504,eletronicos,site,0.189,0.567,17,1,0
C00515,29,17,33,4440,313,casa,loja,0.0,0.649,22,1,1
C00516,43,14,54,2440,142,beleza,app,0.954,0.445,9,2,3
C00517,41,21,22,6190,334,eletronicos,site,0.053,0.385,14,1,1
C00518,7,14,29,1690,99,moda,app,0.698,0.353,18,0,4
C00519,46,2,213,160,115,mercado,app,0.515,0.0,0,7,5
C00520,16,12,2,1900,67,eletronicos,app,0.84,0.498,18,1,4
C00521,25,17,20,2390,121,mercado,app,0.84,0.45,20,3,0
C00522,1,5,74,1220,138,mercado,site,0.332,0.136,2,0,0
C00523,11,18,2,2540,95,mercado,app,0.751,0.345,9,1,0
C00524,35,1,96,1170,193,eletronicos,loja,0.695,0.122,0,5,3
C00525,30,19,43,2470,119,mercado,app,0.632,0.173,10,4,2
C00526,21,2,160,780,82,moda,app,0.436,0.032,2,8,1
C00527,33,13,1,6770,510,casa,site,0.117,0.647,12,0,0
C00528,7,1,92,500,392,mercado,site,0.0,0.23,3,1,1
C00529,4,3,44,390,40,mercado,app,0.239,0.207,5,0,0
C00530,48,16,40,2000,506,mercado,site,0.165,0.592,14,1,1
C00531,22,22,9,9000,206,casa,app,0.103,0.66,21,2,1
C00532,42,25,2,890,50,mercado,app,0.559,0.297,6,2,2
C00533,31,20,18,3240,280,beleza,app,0.02,0.49,20,0,2
C00534,31,14,32,8610,558,casa,site,0.076,0.508,4,2,0
C00535,40,16,28,8060,182,casa,app,0.0,0.511,16,1,1
C00536,40,0,160,390,220,mercado,loja,0.665,0.111,3,5,4
C00537,21,12,18,3340,30,casa,site,0.891,0.135,10,2,4
C00538,68,19,40,10360,449,eletronicos,site,0.061,0.503,19,2,0
C00539,6,4,72,120,177,beleza,app,0.54,0.028,3,1,0
C00540,41,14,15,2290,301,eletronicos,site,0.126,0.454,21,2,0
C00541,50,1,179,280,107,mercado,loja,0.336,0.037,1,8,2
C00542,34,23,5,6140,295,casa,site,0.138,0.494,12,1,1
C00543,37,11,30,1370,30,beleza,loja,0.711,0.614,20,5,2
C00544,6,1,57,410,70,eletronicos,app,0.226,0.0,1,0,0
C00545,8,14,27,680,42,casa,app,0.93,0.507,10,5,2
C00546,3,4,19,80,160,mercado,loja,0.312,0.001,4,0,1
C00547,14,27,12,600,86,mercado,app,0.552,0.447,12,0,0
C00548,20,2,121,670,147,casa,loja,0.385,0.056,0,4,7
C00549,35,6,10,4640,347,casa,site,0.057,0.632,12,1,1
C00550,10,19,26,2720,143,mercado,app,0.647,0.385,14,4,4
C00551,72,4,148,780,116,mercado,loja,0.46,0.123,3,7,7
C00552,21,14,2,1520,43,eletronicos,app,0.744,0.476,9,3,1
C00553,48,25,8,6710,165,casa,app,0.093,0.697,16,1,1
C00554,52,1,100,600,265,eletronicos,loja,0.624,0.017,2,5,3
C00555,1,3,87,350,48,mercado,site,0.0,0.061,3,0,0
C00556,11,12,29,2260,108,moda,app,0.752,0.222,10,3,0
C00557,36,2,221,1570,40,beleza,app,0.302,0.108,1,4,9
C00558,42,15,27,3100,527,eletronicos,site,0.08,0.341,13,1,0
C00559,11,22,44,2480,73,moda,app,0.575,0.268,12,4,0
C00560,23,1,210,1090,108,moda,site,0.309,0.03,2,6,5
C00561,50,22,52,1500,344,eletronicos,app,0.031,0.781,12,2,0
C00562,39,17,23,8030,669,casa,site,0.144,0.58,21,0,1
C00563,5,1,77,320,251,beleza,app,0.313,0.0,2,1,1
C00564,3,1,65,420,157,mercado,site,0.055,0.048,4,1,1
C00565,44,16,1,13310,169,casa,site,0.044,0.666,18,2,0
C00566,6,2,61,450,298,eletronicos,site,0.214,0.121,4,0,0
C00567,3,2,91,280,118,eletronicos,site,0.39,0.026,4,1,1
C00568,1,4,38,440,115,eletronicos,loja,0.143,0.149,2,0,0
C00569,45,1,177,590,130,eletronicos,app,0.54,0.07,2,7,2
C00570,6,1,65,600,40,mercado,app,0.163,0.068,0,1,1
C00571,18,20,50,2920,58,mercado,app,0.562,0.359,11,3,3
C00572,2,3,68,60,40,beleza,site,0.209,0.167,2,0,0
C00573,30,1,269,270,249,mercado,app,0.48,0.084,2,8,4
C00574,37,3,191,590,62,mercado,site,0.368,0.0,3,4,4
C00575,24,1,160,220,264,beleza,app,0.863,0.069,3,5,7
C00576,28,22,34,1850,103,eletronicos,app,0.922,0.329,5,1,0
C00577,33,21,6,1790,119,moda,loja,0.683,0.4,19,3,1
C00578,4,5,80,200,163,moda,site,0.532,0.207,9,0,0
C00579,34,20,23,1500,391,moda,site,0.092,0.737,14,0,2
C00580,33,0,187,410,138,moda,site,0.773,0.047,3,5,4
C00581,46,20,32,5850,419,moda,site,0.12,0.564,25,2,2
C00582,42,21,18,3400,147,eletronicos,loja,0.0,0.537,21,3,1
C00583,61,16,11,8140,252,casa,site,0.028,0.761,15,0,0
C00584,29,11,2,2190,67,mercado,app,0.656,0.385,9,3,4
C00585,5,1,39,570,164,eletronicos,loja,0.212,0.172,4,1,0
C00586,1,3,100,410,348,eletronicos,app,0.25,0.15,1,0,0
C00587,43,21,18,5090,359,casa,site,0.158,0.52,10,1,0
C00588,32,2,222,630,165,moda,app,0.19,0.107,2,5,2
C00589,20,24,40,2050,68,mercado,app,0.752,0.533,21,2,0
C00590,33,2,103,940,166,mercado,site,0.566,0.066,6,8,3
C00591,22,16,38,2290,89,moda,app,0.714,0.329,19,2,0
C00592,3,5,87,360,157,casa,loja,0.241,0.028,2,1,0
C00593,27,12,42,1430,70,mercado,app,0.859,0.476,9,1,2
C00594,4,3,41,680,147,moda,site,0.061,0.113,4,0,0
C00595,54,22,23,9010,185,casa,site,0.136,0.63,24,1,1
C00596,29,13,20,400,37,mercado,app,0.642,0.512,15,6,3
C00597,50,18,17,7390,287,eletronicos,app,0.078,0.507,14,1,1
C00598,13,12,32,2170,105,mercado,app,0.467,0.435,11,2,0
C00599,33,2,180,430,269,eletronicos,site,0.227,0.019,1,9,5
C00600,26,10,29,1920,105,moda,app,0.821,0.208,10,1,3
C00601,1,3,5,390,242,moda,loja,0.424,0.124,3,0,0
C00602,1,3,87,500,197,eletronicos,loja,0.122,0.076,1,1,0
C00603,40,17,13,4890,355,moda,app,0.086,0.617,15,0,1
C00604,9,16,46,1370,96,moda,app,0.532,0.306,4,3,2
C00605,51,18,22,5180,290,casa,loja,0.008,0.631,14,1,0
C00606,25,17,55,3100,102,moda,app,0.652,0.538,7,1,1
C00607,43,16,28,1050,72,moda,site,0.852,0.321,5,4,4
C00608,55,18,16,4040,421,casa,app,0.141,0.435,5,2,1
C00609,35,4,160,830,114,moda,app,0.752,0.117,3,9,3
C00610,49,15,19,7030,365,casa,site,0.046,0.553,8,1,1
C00611,17,15,18,2410,78,moda,app,0.675,0.454,10,1,4
C00612,40,3,175,550,137,mercado,site,0.567,0.109,3,3,4
C00613,51,20,17,4220,187,moda,site,0.007,0.801,18,0,0
C00614,43,21,16,9270,375,casa,site,0.094,0.619,19,2,0
C00615,27,21,12,5630,336,moda,site,0.056,0.74,4,1,0
C00616,70,11,22,9740,317,eletronicos,loja,0.095,0.404,6,0,1
C00617,39,0,146,560,166,mercado,site,0.351,0.06,4,4,4
C00618,24,23,12,7410,226,eletronicos,app,0.212,0.595,12,1,1
C00619,48,4,165,80,158,moda,loja,0.527,0.07,3,4,5
C00620,3,4,54,2150,102,mercado,app,0.539,0.437,10,4,1
C00621,55,16,21,2080,92,moda,app,0.709,0.239,7,5,0
C00622,9,5,67,1150,243,moda,loja,0.0,0.206,4,0,0
C00623,32,21,65,1980,79,moda,app,0.82,0.343,14,2,2
C00624,62,14,19,9130,237,beleza,site,0.099,0.503,13,3,1
C00625,8,2,59,350,120,mercado,site,0.141,0.173,6,0,0
C00626,58,26,5,9310,326,eletronicos,app,0.036,0.246,6,1,0
C00627,52,20,14,9930,203,casa,app,0.027,0.862,5,0,0
C00628,15,26,17,2940,124,beleza,app,0.903,0.454,20,2,2
C00629,66,29,11,7700,358,eletronicos,site,0.138,0.608,8,2,1
C00630,5,4,10,510,238,mercado,site,0.253,0.03,6,2,0
C00631,45,27,1,3060,318,casa,site,0.128,0.72,4,2,1
C00632,6,6,49,360,366,moda,site,0.01,0.171,5,1,0
C00633,29,21,18,7520,369,casa,loja,0.182,0.575,13,1,0
C00634,27,7,31,1740,77,moda,loja,0.682,0.433,14,4,1
C00635,5,5,92,60,210,moda,site,0.166,0.22,5,1,0
C00636,5,1,102,170,212,casa,site,0.398,0.2,4,0,0
C00637,27,24,28,1870,119,moda,app,0.566,0.322,18,2,1
C00638,53,10,23,5450,140,beleza,app,0.008,0.802,19,0,1
C00639,40,3,158,1080,40,casa,site,0.51,0.035,2,4,7
C00640,39,15,11,1110,84,mercado,app,0.568,0.408,10,5,0
C00641,36,13,9,8160,335,moda,site,0.087,0.456,21,1,0
C00642,41,20,22,7420,334,eletronicos,app,0.175,0.53,15,3,2
C00643,3,4,73,240,268,mercado,site,0.206,0.137,2,1,0
C00644,55,18,29,6350,398,eletronicos,loja,0.028,0.748,23,1,0
C00645,6,2,111,320,239,casa,loja,0.345,0.092,4,1,0
C00646,5,2,80,320,259,eletronicos,site,0.0,0.08,0,1,1
C00647,4,3,60,630,197,mercado,loja,0.077,0.194,6,0,0
C00648,68,18,43,6520,485,moda,loja,0.063,0.444,14,1,1
C00649,54,20,26,6810,422,beleza,site,0.081,0.555,15,1,1
C00650,58,25,33,8270,421,eletronicos,site,0.052,0.322,10,1,1
C00651,5,3,46,60,185,beleza,site,0.497,0.153,5,0,1
C00652,19,17,40,1510,52,moda,site,0.76,0.481,10,2,4
C00653,29,19,37,2210,49,eletronicos,site,0.64,0.41,22,0,3
C00654,18,1,177,80,56,mercado,site,0.38,0.031,0,4,7
C00655,29,0,100,1640,98,casa,site,0.793,0.0,2,6,1
C00656,31,13,49,590,111,beleza,app,0.357,0.46,14,3,3
C00657,39,15,20,1650,30,beleza,loja,0.647,0.352,19,3,2
C00658,40,11,19,4170,469,casa,app,0.027,0.336,15,1,0
C00659,14,12,37,2200,84,moda,app,0.629,0.506,16,2,0
C00660,6,3,76,250,126,eletronicos,app,0.504,0.095,2,0,0
C00661,4,5,79,440,130,eletronicos,app,0.055,0.111,2,1,0
C00662,41,3,169,100,47,eletronicos,site,0.597,0.029,2,4,4
C00663,26,14,23,2400,105,moda,app,0.517,0.369,17,5,1
C00664,4,3,129,240,295,casa,site,0.33,0.146,2,0,0
C00665,42,3,92,730,128,mercado,site,0.399,0.053,4,5,1
C00666,17,16,35,2760,30,moda,app,0.721,0.612,10,3,3
C00667,23,14,24,900,85,eletronicos,app,0.843,0.147,9,3,2
C00668,53,21,22,4320,386,eletronicos,site,0.061,0.594,17,1,1
C00669,6,5,43,340,51,moda,app,0.186,0.25,5,0,1
C00670,35,2,272,690,121,casa,app,0.22,0.132,6,9,2
C00671,19,20,42,1890,115,mercado,app,0.678,0.565,10,4,3
C00672,16,20,40,1250,75,moda,loja,0.653,0.296,11,3,0
C00673,1,7,84,440,185,moda,loja,0.146,0.324,2,1,1
C00674,68,16,10,8660,681,eletronicos,app,0.0,0.95,18,1,1
C00675,58,27,1,9140,556,casa,site,0.109,0.664,19,0,0
C00676,6,1,59,1060,106,beleza,loja,0.21,0.05,7,0,1
C00677,32,0,184,540,114,eletronicos,site,0.39,0.123,2,3,7
C00678,26,14,9,2070,84,casa,site,0.729,0.254,2,2,1
C00679,41,15,17,1500,291,eletronicos,site,0.015,0.472,21,2,2
C00680,45,17,40,3700,431,beleza,site,0.0,0.437,10,1,0
C00681,36,3,151,320,193,beleza,site,0.311,0.039,3,2,4
C00682,63,22,20,5820,427,eletronicos,app,0.0,0.719,18,0,1
C00683,2,5,52,180,222,casa,app,0.275,0.127,4,0,0
C00684,26,24,25,1290,30,moda,app,0.663,0.294,10,5,1
C00685,2,2,59,550,133,eletronicos,site,0.13,0.204,3,0,2
C00686,7,4,31,450,201,casa,site,0.135,0.139,2,1,0
C00687,4,4,63,310,219,mercado,app,0.025,0.251,5,0,0
C00688,5,1,46,680,67,moda,site,0.321,0.066,4,0,0
C00689,1,2,93,60,160,eletronicos,site,0.0,0.156,0,1,1
C00690,18,9,7,1110,55,beleza,app,0.923,0.535,19,2,3
C00691,3,3,53,560,290,mercado,loja,0.386,0.111,4,2,1
C00692,3,13,36,3930,30,moda,app,0.799,0.1,7,3,3
C00693,1,2,77,180,40,eletronicos,site,0.361,0.127,3,0,1
C00694,10,18,29,1160,116,moda,site,0.836,0.399,15,4,5
C00695,12,20,45,3200,80,moda,site,0.8,0.594,11,0,2
C00696,10,18,20,1980,108,eletronicos,site,0.878,0.343,10,1,1
C00697,4,2,51,680,100,beleza,site,0.374,0.244,5,0,0
C00698,64,2,206,80,150,moda,site,0.467,0.053,3,4,6
C00699,15,12,37,1650,120,mercado,app,0.708,0.373,10,3,5
C00700,10,13,34,1840,75,eletronicos,app,0.302,0.166,7,4,5
C00701,48,24,1,8470,175,eletronicos,site,0.016,0.451,5,0,1
C00702,40,2,166,410,187,eletronicos,loja,0.81,0.0,1,7,4
C00703,4,3,95,330,160,beleza,site,0.305,0.221,0,0,0
C00704,22,14,45,1030,67,moda,app,0.673,0.1,7,2,2
C00705,5,4,71,430,234,mercado,loja,0.13,0.135,4,1,1
C00706,31,15,42,2170,123,mercado,site,0.864,0.332,4,1,4
C00707,47,22,9,11440,209,eletronicos,app,0.151,0.598,22,1,0
C00708,45,13,42,1880,110,moda,app,0.778,0.364,6,3,5
C00709,10,10,9,2030,99,moda,site,0.689,0.433,5,3,3
C00710,3,21,4,1180,76,eletronicos,app,0.839,0.47,6,1,4
C00711,52,21,21,5930,428,mercado,site,0.113,0.743,7,1,0
C00712,21,1,254,590,162,casa,app,0.493,0.053,3,7,0
C00713,26,17,14,690,157,eletronicos,site,0.751,0.356,14,4,4
C00714,6,4,150,450,236,moda,app,0.186,0.134,4,1,0
C00715,40,2,97,580,178,eletronicos,loja,0.599,0.064,2,7,9
C00716,66,3,214,1160,299,mercado,app,0.658,0.107,2,9,3
C00717,57,26,19,6820,416,eletronicos,app,0.0,0.429,18,1,1
C00718,22,25,29,2320,85,beleza,site,0.745,0.25,6,6,1
C00719,39,4,184,560,167,mercado,app,0.433,0.0,4,2,5
C00720,3,15,36,1340,77,moda,app,0.625,0.107,7,2,4
C00721,37,23,27,5000,373,eletronicos,site,0.133,0.593,23,0,0
C00722,51,20,13,2460,381,moda,site,0.075,0.786,14,2,2
C00723,17,15,9,2300,92,mercado,app,0.694,0.511,10,3,1
C00724,19,12,2,2040,84,mercado,site,0.711,0.414,9,3,2
C00725,51,26,22,5040,389,beleza,app,0.078,0.499,15,1,1
C00726,3,2,68,200,283,casa,app,0.0,0.102,6,0,1
C00727,20,21,41,1560,103,moda,app,0.869,0.437,14,2,2
C00728,1,6,5,200,115,eletronicos,loja,0.128,0.0,2,0,0
C00729,42,25,53,1190,56,mercado,site,0.572,0.441,9,2,5
C00730,51,3,167,1590,180,moda,site,0.731,0.124,2,8,3
C00731,3,23,30,1730,51,mercado,site,0.78,0.332,4,5,4
C00732,3,19,14,2050,106,mercado,site,0.99,0.23,2,3,0
C00733,45,2,220,580,65,eletronicos,site,0.683,0.038,3,6,6
C00734,72,3,96,620,194,casa,site,0.434,0.069,2,6,6
C00735,51,0,188,720,82,moda,loja,0.452,0.099,0,8,8
C00736,5,2,49,340,40,casa,site,0.483,0.17,1,1,0
C00737,41,20,13,8380,621,eletronicos,loja,0.0,0.492,12,2,1
C00738,29,15,36,4750,393,eletronicos,site,0.059,0.889,24,1,0
C00739,34,31,20,9740,347,mercado,loja,0.052,0.587,21,0,1
C00740,4,1,46,680,261,casa,app,0.219,0.118,0,0,0
C00741,71,17,9,5410,244,casa,site,0.078,0.566,11,1,2
C00742,12,11,7,930,146,casa,site,0.739,0.1,13,1,0
C00743,37,2,70,200,54,beleza,app,0.659,0.135,5,7,4
C00744,2,2,56,600,170,eletronicos,site,0.261,0.068,4,1,0
C00745,48,18,24,8270,349,mercado,site,0.088,0.365,10,2,0
C00746,50,15,1,5640,276,beleza,app,0.109,0.698,10,1,2
C00747,33,19,4,7800,527,casa,site,0.015,0.657,25,3,0
C00748,15,16,27,1080,69,mercado,app,0.622,0.349,10,4,4
C00749,63,11,6,8240,266,casa,site,0.153,0.319,13,2,1
C00750,49,11,34,5740,324,casa,site,0.1,0.582,7,2,0
C00751,4,2,57,310,218,eletronicos,app,0.302,0.038,5,1,1
C00752,4,1,33,630,149,mercado,app,0.135,0.151,3,1,0
C00753,54,3,81,1510,161,beleza,site,0.463,0.012,2,8,2
C00754,26,15,21,940,86,casa,app,0.693,0.549,11,1,3
C00755,34,0,178,1140,41,beleza,loja,0.211,0.115,3,6,5
C00756,14,25,16,6280,449,beleza,loja,0.074,0.657,6,2,1
C00757,43,17,27,1640,128,eletronicos,site,0.806,0.29,9,2,3
C00758,39,1,180,870,170,mercado,loja,0.423,0.03,2,9,1
C00759,65,25,17,5210,166,casa,app,0.04,0.482,14,0,0
C00760,55,15,11,8710,431,beleza,app,0.095,0.647,16,0,0
C00761,1,3,48,970,51,moda,app,0.237,0.0,3,1,1
C00762,3,5,24,480,192,casa,site,0.467,0.187,2,1,0
C00763,45,29,12,4410,232,casa,site,0.0,0.247,13,0,0
C00764,5,4,122,80,164,casa,loja,0.108,0.065,4,0,0
C00765,58,12,5,9250,580,casa,site,0.058,0.886,17,2,0
C00766,1,3,104,800,236,eletronicos,app,0.204,0.175,6,0,1
C00767,30,17,18,5890,484,eletronicos,loja,0.141,0.695,10,0,0
C00768,7,5,47,560,260,casa,site,0.33,0.139,2,0,1
C00769,53,12,31,4730,479,beleza,site,0.096,0.493,10,0,1
C00770,4,18,39,1460,92,mercado,site,0.732,0.457,15,5,5
C00771,3,3,53,60,40,moda,app,0.0,0.102,4,1,0
C00772,39,19,19,7010,280,mercado,app,0.041,0.588,18,1,0
C00773,56,16,17,7070,383,beleza,loja,0.0,0.434,10,0,1
C00774,41,2,145,590,176,mercado,loja,0.275,0.097,0,10,7
C00775,20,26,27,670,85,beleza,app,0.676,0.696,16,2,0
C00776,3,17,28,1700,90,mercado,app,0.607,0.247,9,2,0
C00777,1,5,105,260,192,eletronicos,site,0.384,0.167,0,1,0
C00778,27,23,19,8360,401,eletronicos,site,0.032,0.79,17,3,2
C00779,50,32,36,8150,120,beleza,loja,0.0,0.724,14,0,0
C00780,16,16,12,6310,469,mercado,site,0.052,0.518,19,0,0
C00781,4,13,60,930,81,eletronicos,app,0.517,0.282,6,3,3
C00782,38,1,122,360,157,beleza,app,0.344,0.074,1,7,5
C00783,35,6,4,400,45,beleza,app,0.608,0.281,9,4,3
C00784,46,13,35,4580,445,eletronicos,site,0.142,0.844,14,3,0
C00785,31,16,25,2060,99,casa,site,0.702,0.34,16,1,3
C00786,35,0,153,1590,230,casa,loja,0.707,0.047,2,8,3
C00787,5,1,6,750,146,beleza,app,0.365,0.032,3,0,0
C00788,29,16,54,2830,161,mercado,loja,0.763,0.401,9,3,3
C00789,26,22,24,2310,78,mercado,site,0.678,0.368,12,0,5
C00790,1,3,15,120,207,moda,site,0.192,0.223,2,0,1
C00791,50,3,103,600,143,mercado,loja,0.654,0.075,1,1,6
C00792,7,2,74,320,198,mercado,site,0.32,0.136,1,1,0
C00793,66,15,56,5090,232,eletronicos,site,0.045,0.678,25,0,1
C00794,5,4,52,410,40,mercado,app,0.214,0.349,2,0,1
C00795,49,24,14,3850,280,eletronicos,app,0.043,0.401,13,0,0
C00796,12,17,29,2820,30,mercado,app,0.77,0.33,2,0,2
C00797,3,4,98,880,308,eletronicos,loja,0.243,0.111,4,1,2
C00798,27,1,236,340,61,mercado,app,0.362,0.032,1,2,8
C00799,67,26,23,6890,233,mercado,site,0.143,0.566,9,2,1
C00800,22,14,24,980,36,moda,app,0.701,0.492,11,3,2
C00801,3,1,107,650,109,eletronicos,site,0.316,0.105,1,1,1
C00802,2,5,79,590,232,casa,site,0.011,0.084,5,1,0
C00803,36,23,4,1750,99,beleza,loja,0.974,0.168,11,5,5
C00804,1,1,50,550,116,moda,loja,0.134,0.25,2,0,0
C00805,3,3,47,230,113,moda,app,0.152,0.154,2,1,0
C00806,43,17,18,3500,334,eletronicos,app,0.01,0.691,14,1,0
C00807,3,11,33,930,135,moda,app,0.845,0.332,6,2,2
C00808,22,13,5,1250,131,moda,app,0.524,0.538,6,5,2
C00809,47,14,14,9000,473,casa,site,0.112,0.578,12,3,1
C00810,26,18,8,2530,89,beleza,site,0.651,0.149,11,2,3
C00811,58,18,19,11050,457,beleza,site,0.082,0.516,16,2,0
C00812,67,22,17,8590,472,eletronicos,site,0.088,0.537,18,0,0
C00813,1,3,87,560,179,moda,site,0.191,0.182,5,0,0
C00814,33,17,32,6860,479,casa,site,0.104,0.274,15,0,1
C00815,41,11,4,4880,386,eletronicos,site,0.116,0.599,24,1,2
C00816,19,18,7,7060,344,moda,site,0.086,0.665,26,1,1
C00817,13,9,2,1770,74,mercado,app,0.89,0.438,17,4,1
C00818,52,1,134,1420,133,eletronicos,loja,0.419,0.12,2,5,2
C00819,26,16,21,5150,292,casa,site,0.062,0.761,24,2,0
C00820,38,16,27,5540,120,mercado,loja,0.103,0.519,21,1,0
C00821,37,1,141,1040,67,mercado,app,0.378,0.078,1,3,7
C00822,17,24,50,2620,92,moda,app,0.631,0.318,6,5,1
C00823,39,0,133,610,57,moda,app,0.843,0.107,4,5,5
C00824,7,2,29,490,192,eletronicos,site,0.318,0.16,2,0,0
C00825,9,4,61,450,258,eletronicos,site,0.017,0.111,3,0,0
C00826,7,3,73,470,94,moda,site,0.24,0.08,6,1,0
C00827,45,19,1,2590,434,beleza,site,0.063,0.482,15,2,0
C00828,50,18,35,6300,370,casa,app,0.06,0.615,19,1,2
C00829,6,2,34,340,71,eletronicos,app,0.212,0.182,2,1,2
C00830,52,12,24,7910,298,eletronicos,site,0.092,0.662,9,0,0
C00831,48,21,17,8160,310,eletronicos,app,0.2,0.617,11,1,0
C00832,58,19,20,5240,257,mercado,site,0.077,0.644,24,1,1
C00833,44,0,209,400,190,casa,app,0.509,0.039,2,4,6
C00834,32,21,62,1490,113,mercado,app,0.814,0.355,2,3,3
C00835,4,5,116,570,265,moda,loja,0.068,0.22,2,1,0
C00836,9,17,4,1750,82,eletronicos,app,0.558,0.461,10,0,2
C00837,50,12,39,4650,292,beleza,app,0.042,0.691,29,0,0
C00838,4,1,106,860,170,mercado,app,0.149,0.151,6,1,0
C00839,1,1,5,430,105,casa,site,0.008,0.242,5,1,0
C00840,3,1,83,270,107,moda,loja,0.242,0.109,4,1,0
C00841,57,19,1,2870,327,moda,app,0.015,0.693,4,2,1
C00842,21,1,208,1350,153,moda,site,0.505,0.122,3,8,1
C00843,16,15,17,7790,421,eletronicos,app,0.006,0.193,13,1,2
C00844,31,15,59,840,126,moda,app,0.742,0.406,8,3,3
C00845,32,22,8,2030,94,mercado,app,0.896,0.351,15,4,0
C00846,35,14,23,2220,92,moda,app,0.849,0.33,9,2,6
C00847,4,3,46,250,147,mercado,app,0.199,0.244,5,1,1
C00848,3,1,14,550,136,mercado,loja,0.341,0.115,2,0,0
C00849,57,23,7,9640,231,eletronicos,app,0.113,0.834,14,0,1
C00850,45,17,1,9780,399,eletronicos,app,0.064,0.528,19,2,0
C00851,16,16,13,1810,110,moda,site,0.824,0.343,7,2,3
C00852,62,20,32,6990,342,casa,site,0.085,0.32,13,3,0
C00853,4,4,67,100,74,moda,site,0.273,0.132,4,1,1
C00854,22,9,22,1840,135,moda,loja,0.602,0.224,5,1,1
C00855,4,7,72,820,206,moda,loja,0.306,0.045,1,1,1
C00856,27,2,183,1180,230,moda,loja,0.602,0.004,4,7,6
C00857,28,11,33,2810,101,mercado,loja,0.526,0.389,2,0,2
C00858,4,3,31,370,236,mercado,site,0.356,0.227,2,1,1
C00859,27,16,36,2640,97,beleza,app,0.69,0.468,8,0,3
C00860,5,2,58,990,40,mercado,loja,0.302,0.083,0,1,0
C00861,38,0,151,1070,332,eletronicos,app,0.512,0.0,1,5,5
C00862,5,3,88,60,182,moda,site,0.206,0.118,2,0,0
C00863,34,22,26,7640,317,moda,app,0.169,0.55,24,0,0
C00864,48,22,31,5290,419,casa,app,0.126,0.592,21,0,1
C00865,28,22,2,9120,430,casa,app,0.02,0.349,11,2,1
C00866,3,4,54,430,63,eletronicos,site,0.419,0.123,4,1,0
C00867,17,4,220,80,173,beleza,site,0.9,0.017,1,1,3
C00868,5,3,51,220,386,mercado,site,0.093,0.083,1,0,0
C00869,4,6,60,610,110,moda,loja,0.205,0.207,6,0,1
C00870,36,1,117,380,127,mercado,app,0.24,0.058,1,7,6
C00871,3,30,36,940,95,casa,app,0.412,0.369,18,4,5
C00872,45,23,1,7580,402,eletronicos,app,0.093,0.649,14,2,1
C00873,18,12,42,2590,87,moda,loja,0.721,0.359,6,3,3
C00874,21,14,12,2270,47,moda,app,0.751,0.343,3,1,3
C00875,6,1,106,470,54,moda,app,0.186,0.042,2,1,1
C00876,47,10,14,9990,302,casa,app,0.052,0.516,4,0,0
C00877,24,22,24,2290,144,mercado,app,0.627,0.563,9,4,3
C00878,47,1,250,610,123,beleza,loja,0.447,0.0,0,3,2
C00879,31,5,16,1820,58,beleza,app,0.95,0.353,8,3,1
C00880,42,3,108,1130,175,mercado,loja,0.683,0.01,2,1,4
C00881,6,2,65,330,222,casa,loja,0.28,0.233,3,0,0
C00882,20,11,27,400,91,beleza,app,0.631,0.31,6,3,2
C00883,33,1,202,940,81,beleza,site,0.745,0.079,1,8,5
C00884,7,2,82,60,159,beleza,site,0.343,0.129,3,0,1
C00885,1,3,94,1290,123,eletronicos,loja,0.238,0.176,5,1,1
C00886,33,9,28,7990,370,casa,app,0.136,0.651,5,1,2
C00887,29,21,28,4690,378,casa,loja,0.019,0.899,12,2,0
C00888,62,25,26,6310,291,eletronicos,site,0.031,0.61,18,1,0
C00889,57,13,6,11260,405,eletronicos,site,0.115,0.77,31,0,1
C00890,1,3,25,400,40,casa,site,0.267,0.24,1,0,1
C00891,49,3,144,710,88,eletronicos,app,0.509,0.118,2,2,6
C00892,70,21,9,10490,226,moda,app,0.103,0.671,15,2,0
C00893,39,17,7,11510,291,eletronicos,site,0.0,0.151,22,0,0
C00894,44,2,200,1240,244,moda,loja,0.644,0.007,2,5,4
C00895,4,3,98,300,171,mercado,site,0.201,0.185,5,1,2
C00896,24,19,22,2350,99,casa,app,0.615,0.513,22,1,3
C00897,64,11,23,9200,424,eletronicos,site,0.09,0.787,20,2,1
C00898,25,19,22,1500,523,eletronicos,site,0.0,0.396,17,0,1
C00899,5,9,13,2710,95,moda,site,0.974,0.587,11,1,0
C00900,24,18,35,8370,393,casa,site,0.058,0.707,15,2,0
C00901,44,1,101,770,52,eletronicos,app,0.9,0.075,4,4,6
C00902,28,4,173,1160,253,eletronicos,loja,0.484,0.059,3,6,3
C00903,3,4,19,200,100,mercado,loja,0.052,0.058,1,0,0
C00904,31,2,199,1300,116,casa,site,0.618,0.036,2,1,4
C00905,19,2,105,800,123,moda,loja,0.536,0.08,5,8,3
C00906,25,19,38,2030,67,casa,site,0.619,0.53,4,3,4
C00907,22,16,21,3110,85,moda,site,0.987,0.223,7,2,0
C00908,49,18,1,6150,271,beleza,app,0.0,0.539,9,2,1
C00909,26,11,42,1030,32,mercado,loja,0.559,0.237,20,5,0
C00910,60,16,15,8170,386,casa,app,0.008,0.637,18,1,0
C00911,39,2,160,740,150,mercado,app,0.463,0.049,2,1,4
C00912,52,14,11,10440,332,mercado,site,0.062,0.363,9,0,0
C00913,51,18,27,10590,613,eletronicos,site,0.12,0.647,10,2,0
C00914,27,18,41,1860,118,moda,app,0.964,0.545,18,2,3
C00915,56,9,3,6210,396,casa,app,0.057,0.666,4,0,0
C00916,43,22,23,10280,269,eletronicos,site,0.113,0.667,19,1,2
C00917,27,19,28,2610,68,beleza,app,0.701,0.671,3,1,1
C00918,19,16,25,1870,90,moda,app,0.99,0.491,11,2,2
C00919,22,2,188,730,174,beleza,loja,0.646,0.059,4,6,3
C00920,56,4,171,880,113,casa,loja,0.714,0.009,1,9,4
C00921,5,3,98,490,168,casa,site,0.021,0.101,6,0,1
C00922,55,2,265,940,191,mercado,app,0.462,0.08,1,7,7
C00923,5,19,30,1470,103,beleza,app,0.831,0.363,9,3,1
C00924,17,0,180,530,147,beleza,site,0.53,0.042,4,9,4
C00925,52,20,26,8870,572,moda,site,0.09,0.684,9,2,0
C00926,32,1,135,240,155,mercado,loja,0.668,0.094,3,5,9
C00927,2,1,76,210,127,mercado,site,0.31,0.157,3,2,1
C00928,23,2,265,580,91,eletronicos,site,0.46,0.081,0,5,5
C00929,49,29,14,1500,283,casa,loja,0.0,0.494,22,1,2
C00930,53,21,40,3550,218,casa,site,0.132,0.563,13,2,0
C00931,59,29,13,2640,287,eletronicos,site,0.011,0.444,20,2,0
C00932,34,2,93,1330,132,eletronicos,site,0.532,0.054,2,6,3
C00933,6,19,10,3330,30,moda,app,0.412,0.259,20,3,4
C00934,37,2,168,220,139,casa,site,0.346,0.102,0,4,4
C00935,25,4,21,1310,97,mercado,loja,0.592,0.508,11,6,6
C00936,42,27,1,5970,283,moda,app,0.051,0.574,19,0,1
C00937,34,20,28,5930,200,mercado,site,0.064,0.582,20,3,0
C00938,46,13,46,2970,64,beleza,app,0.787,0.566,4,2,4
C00939,1,6,90,200,137,moda,site,0.186,0.153,5,0,0
C00940,47,1,237,660,135,eletronicos,loja,0.611,0.033,1,6,4
C00941,29,16,30,2010,98,moda,app,0.608,0.21,14,2,2
C00942,20,15,27,2490,86,moda,app,0.598,0.192,17,5,1
C00943,4,4,46,530,202,moda,app,0.036,0.2,2,0,1
C00944,44,3,171,280,192,moda,site,0.625,0.013,0,6,2
C00945,10,11,56,2280,181,moda,app,0.418,0.285,11,3,4
C00946,39,17,6,4030,359,mercado,site,0.013,0.44,12,1,0
C00947,32,19,17,1630,75,beleza,site,0.841,0.151,9,2,4
C00948,63,5,220,460,40,eletronicos,loja,0.413,0.027,3,6,3
C00949,31,19,30,5300,391,moda,site,0.085,0.414,14,2,0
C00950,40,1,87,1380,118,beleza,site,0.541,0.044,3,6,6
C00951,29,4,176,1420,210,beleza,app,0.357,0.066,2,5,1
C00952,3,1,73,970,40,mercado,app,0.165,0.045,6,1,1
C00953,9,20,15,1360,89,moda,loja,0.862,0.538,13,2,0
C00954,5,3,76,380,160,moda,site,0.216,0.097,2,0,1
C00955,19,3,138,510,96,eletronicos,loja,0.603,0.125,3,4,2
C00956,14,1,186,460,186,moda,loja,0.697,0.0,1,6,4
C00957,40,0,217,610,117,mercado,app,0.454,0.135,1,6,6
C00958,8,1,91,660,149,mercado,loja,0.304,0.163,3,1,1
C00959,26,15,27,1910,77,mercado,site,0.461,0.534,12,3,2
C00960,32,14,21,9860,354,casa,site,0.09,0.639,22,2,1
C00961,23,16,12,1350,105,moda,site,0.795,0.437,12,4,3
C00962,3,4,54,60,143,beleza,site,0.344,0.23,2,1,0
C00963,56,2,194,250,87,moda,loja,0.452,0.033,4,7,5
C00964,76,26,5,10840,499,casa,app,0.064,0.74,21,0,0
C00965,4,1,6,60,131,casa,app,0.114,0.174,2,1,1
C00966,4,2,51,770,170,mercado,app,0.213,0.0,1,1,0
C00967,41,0,148,890,129,casa,site,0.575,0.053,2,5,3
C00968,5,3,83,680,202,moda,site,0.273,0.161,3,0,0
C00969,2,6,36,350,219,casa,site,0.351,0.288,3,0,0
C00970,5,2,85,640,70,beleza,site,0.416,0.1,5,0,1
C00971,23,2,287,170,72,moda,loja,0.467,0.028,2,4,6
C00972,23,19,27,3960,341,eletronicos,site,0.0,0.772,12,0,0
C00973,22,1,242,80,210,mercado,loja,0.658,0.074,1,8,5
C00974,46,2,169,930,160,mercado,loja,0.837,0.074,1,9,3
C00975,19,22,24,840,103,mercado,app,0.621,0.384,9,0,2
C00976,49,17,37,9220,280,casa,loja,0.111,0.427,9,3,1
C00977,81,13,22,4410,385,casa,site,0.114,0.355,21,2,2
C00978,33,4,191,440,262,casa,site,0.1,0.031,3,5,6
C00979,6,2,5,340,286,eletronicos,app,0.067,0.129,5,0,1
C00980,56,9,1,8320,348,moda,site,0.072,0.553,16,1,1
C00981,15,12,11,1240,59,beleza,site,0.727,0.263,3,2,6
C00982,26,17,45,2140,142,mercado,app,0.819,0.259,14,1,7
C00983,7,4,33,150,117,mercado,site,0.415,0.227,0,2,2
C00984,3,19,29,2100,96,beleza,app,0.719,0.356,7,4,8
C00985,14,13,30,2550,102,mercado,app,0.355,0.282,18,0,2
C00986,37,1,155,880,103,casa,app,0.554,0.089,1,6,6
C00987,4,4,32,270,194,beleza,loja,0.222,0.283,5,0,0
C00988,15,15,17,1830,37,mercado,site,0.727,0.287,11,3,5
C00989,43,32,14,4260,344,eletronicos,site,0.0,0.302,11,1,1
C00990,42,23,34,10120,242,mercado,site,0.12,0.829,16,2,1
C00991,32,18,6,4110,205,casa,app,0.095,0.619,24,2,0
C00992,26,23,3,1050,82,mercado,app,0.514,0.668,18,3,3
C00993,31,3,194,1130,111,moda,app,0.272,0.181,3,1,5
C00994,29,16,23,6740,489,casa,app,0.013,0.526,14,0,1
C00995,35,4,179,560,111,casa,site,0.205,0.082,0,4,3
C00996,31,19,36,1950,78,casa,app,0.683,0.126,14,4,0
C00997,38,2,192,130,134,moda,loja,0.456,0.097,4,6,3
C00998,50,28,24,5180,375,casa,site,0.12,0.348,5,3,1
C00999,46,20,4,8370,326,casa,site,0.082,0.477,21,1,1
C01000,29,27,18,10520,243,beleza,site,0.045,0.542,18,1,0
C01001,44,23,7,9520,591,casa,app,0.093,0.555,2,3,1
C01002,8,17,28,3120,40,moda,app,0.829,0.281,6,2,3
C01003,18,9,52,1060,80,mercado,app,0.892,0.222,13,1,2
C01004,32,21,25,7450,301,casa,site,0.251,0.378,14,0,1
C01005,41,17,25,6400,216,beleza,site,0.126,0.414,9,2,1
C01006,5,2,75,490,217,beleza,app,0.383,0.221,4,0,1
C01007,28,2,241,420,217,mercado,app,0.598,0.055,3,2,7
C01008,2,5,100,220,119,casa,loja,0.35,0.237,3,1,0
C01009,13,10,13,1310,61,beleza,app,0.653,0.355,16,3,0
C01010,23,16,34,2030,132,mercado,app,0.68,0.355,15,1,3
C01011,17,14,17,4610,493,casa,app,0.038,0.709,7,0,2
C01012,18,2,248,1060,106,moda,loja,0.438,0.025,0,6,5
C01013,20,1,168,470,235,beleza,loja,0.566,0.0,1,7,5
C01014,49,20,21,7850,376,eletronicos,app,0.096,0.797,18,1,1
C01015,14,13,19,2380,90,moda,app,0.74,0.498,19,4,3
C01016,41,20,15,7230,339,casa,site,0.032,0.495,20,1,0
C01017,3,3,50,230,40,beleza,site,0.387,0.062,4,1,1
C01018,32,10,13,950,36,moda,app,0.58,0.406,9,2,4
C01019,44,11,21,5480,207,moda,site,0.083,0.696,19,1,0
C01020,2,3,41,310,207,eletronicos,app,0.034,0.032,3,0,0
C01021,20,15,48,2090,75,beleza,loja,0.95,0.59,13,4,5
C01022,3,4,59,60,133,eletronicos,loja,0.348,0.179,3,0,1
C01023,7,5,92,790,40,beleza,site,0.19,0.126,4,0,0
C01024,4,3,92,450,289,eletronicos,site,0.044,0.175,2,0,1
C01025,24,18,41,650,80,casa,app,0.706,0.415,4,3,3
C01026,45,2,110,1000,40,mercado,site,0.822,0.0,4,5,5
C01027,49,2,70,590,104,beleza,site,0.9,0.218,2,4,6
C01028,13,23,29,1910,102,moda,site,0.99,0.38,10,2,4
C01029,7,4,72,640,40,eletronicos,app,0.368,0.153,4,0,0
C01030,21,17,33,2650,97,beleza,app,0.606,0.571,4,3,3
C01031,30,1,119,1050,195,eletronicos,site,0.425,0.013,1,4,6
C01032,37,31,2,8550,120,casa,site,0.035,0.851,13,2,1
C01033,15,17,32,2780,115,moda,app,0.585,0.394,13,1,2
C01034,3,6,85,560,227,moda,loja,0.213,0.088,0,1,1
C01035,28,2,75,520,224,eletronicos,loja,0.752,0.062,0,6,4
C01036,23,11,42,2040,136,moda,app,0.821,0.306,8,1,4
C01037,37,16,34,2400,91,moda,loja,0.81,0.609,5,3,1
C01038,49,20,15,4790,120,eletronicos,app,0.092,0.555,17,1,1
C01039,34,13,34,2010,90,moda,app,0.929,0.325,11,2,0
C01040,50,11,19,8680,283,beleza,app,0.0,0.519,6,0,0
C01041,3,2,48,60,157,beleza,site,0.272,0.109,5,1,0
C01042,7,1,34,710,120,mercado,site,0.104,0.133,5,1,0
C01043,40,14,24,10690,467,casa,site,0.075,0.625,16,0,1
C01044,2,4,78,160,161,casa,app,0.32,0.103,3,0,0
C01045,50,22,28,6190,213,moda,app,0.025,0.562,11,0,1
C01046,12,13,1,2950,201,casa,site,0.129,0.464,12,1,1
C01047,57,3,157,1930,82,eletronicos,site,0.9,0.096,1,3,3
C01048,21,19,17,2140,77,beleza,app,0.754,0.372,7,2,3
C01049,49,19,39,7810,270,casa,site,0.0,0.735,9,3,1
C01050,47,19,19,1970,120,mercado,app,0.106,0.531,5,1,1
C01051,4,3,49,60,198,eletronicos,loja,0.152,0.107,1,1,0
C01052,31,23,15,7500,301,casa,app,0.12,0.621,4,1,1
C01053,36,0,122,680,150,beleza,loja,0.595,0.1,2,6,2
C01054,35,12,34,2510,40,mercado,app,0.665,0.149,9,5,2
C01055,6,2,33,240,213,beleza,site,0.142,0.009,4,0,0
C01056,36,21,28,4480,374,moda,site,0.109,0.568,23,2,1
C01057,37,11,41,2400,89,mercado,app,0.973,0.306,16,2,4
C01058,31,21,32,6440,400,moda,app,0.107,0.448,26,2,0
C01059,38,18,4,6180,296,casa,app,0.113,0.668,15,1,1
C01060,4,1,22,500,214,eletronicos,site,0.478,0.142,3,1,1
C01061,4,4,67,840,104,moda,site,0.003,0.027,4,0,1
C01062,26,1,211,1260,92,casa,app,0.255,0.131,0,4,4
C01063,14,12,2,1400,86,eletronicos,loja,0.775,0.364,14,4,3
C01064,24,13,26,2160,56,beleza,loja,0.85,0.316,7,3,2
C01065,48,2,139,290,227,eletronicos,app,0.294,0.065,1,6,7
C01066,36,21,11,6360,609,mercado,site,0.086,0.61,16,1,1
C01067,32,14,26,2210,134,beleza,site,0.879,0.275,6,2,3
C01068,7,3,101,220,145,eletronicos,site,0.199,0.08,3,0,0
C01069,5,4,89,110,347,mercado,site,0.312,0.126,5,1,0
C01070,27,14,23,830,78,moda,app,0.623,0.245,12,2,2
C01071,35,27,18,1280,86,mercado,app,0.723,0.281,10,1,0
C01072,47,2,186,870,196,beleza,site,0.1,0.089,3,5,8
C01073,32,0,146,410,150,mercado,app,0.54,0.0,1,7,7
C01074,6,3,24,610,376,moda,loja,0.161,0.201,3,0,0
C01075,40,16,45,1520,59,casa,site,0.536,0.239,5,3,5
C01076,30,3,177,610,215,moda,site,0.356,0.169,2,3,8
C01077,25,22,18,1110,98,beleza,site,0.432,0.295,15,8,3
C01078,32,7,43,3060,30,moda,app,0.99,0.387,12,2,2
C01079,3,16,17,2240,42,beleza,app,0.99,0.628,4,0,2
C01080,22,18,36,420,101,beleza,app,0.536,0.555,7,3,5
C01081,39,2,93,1060,154,mercado,app,0.523,0.144,3,8,5
C01082,27,16,20,2280,106,mercado,site,0.845,0.327,13,0,4
C01083,5,1,67,380,235,beleza,site,0.034,0.0,2,0,0
C01084,31,0,238,950,79,eletronicos,app,0.344,0.043,2,4,5
C01085,24,17,12,2390,30,beleza,loja,0.99,0.308,20,4,4
C01086,26,20,22,2960,254,eletronicos,site,0.045,0.414,11,1,0
C01087,40,1,146,230,234,mercado,site,0.555,0.035,3,6,0
C01088,41,12,17,2180,100,beleza,loja,0.99,0.293,11,2,4
C01089,3,3,38,170,75,moda,site,0.066,0.095,4,2,1
C01090,5,1,74,660,116,eletronicos,app,0.504,0.298,3,1,0
C01091,1,3,74,380,50,beleza,site,0.404,0.03,1,1,0
C01092,36,2,150,870,165,eletronicos,loja,0.536,0.0,2,4,5
C01093,34,18,16,3620,347,casa,app,0.074,0.737,10,0,0
C01094,29,29,35,1920,69,moda,app,0.373,0.571,8,5,3
C01095,3,5,89,300,251,eletronicos,site,0.196,0.222,2,0,0
C01096,4,2,42,540,175,moda,site,0.419,0.039,0,0,0
C01097,19,12,14,2350,90,moda,app,0.651,0.477,3,0,2
C01098,5,4,71,210,211,eletronicos,app,0.252,0.204,5,0,2
C01099,28,3,70,740,40,moda,loja,0.201,0.084,3,2,5
C01100,44,2,237,1290,115,mercado,site,0.481,0.006,3,4,2
C01101,18,22,45,2800,137,moda,app,0.698,0.511,11,1,4
C01102,43,18,37,1850,47,beleza,app,0.711,0.186,10,1,2
C01103,4,1,5,400,153,mercado,site,0.367,0.146,1,1,1
C01104,3,1,34,720,157,moda,app,0.278,0.283,7,1,0
C01105,27,26,34,1590,30,mercado,app,0.703,0.199,9,3,0
C01106,52,21,21,7680,258,eletronicos,site,0.053,0.732,10,0,0
C01107,3,3,72,460,145,beleza,site,0.0,0.083,2,1,0
C01108,27,11,15,2150,66,moda,app,0.748,0.482,16,1,1
C01109,23,15,29,1150,75,eletronicos,site,0.785,0.354,11,4,0
C01110,34,1,187,200,144,mercado,loja,0.585,0.099,2,6,3
C01111,51,3,148,880,191,moda,site,0.464,0.065,3,5,5
C01112,4,6,46,520,186,mercado,app,0.351,0.243,1,0,1
C01113,7,3,16,660,151,moda,site,0.149,0.06,2,1,0
C01114,51,19,14,9660,198,eletronicos,app,0.053,0.8,16,1,2
C01115,25,17,21,1500,200,mercado,site,0.0,0.743,15,2,1
C01116,52,1,200,1550,238,moda,site,0.706,0.08,3,7,5
C01117,56,18,33,7880,409,mercado,loja,0.045,0.504,17,0,2
C01118,40,4,190,1000,128,moda,loja,0.625,0.02,1,8,3
C01119,26,13,1,3970,350,eletronicos,app,0.158,0.305,17,1,0
C01120,13,11,37,1110,73,beleza,site,0.781,0.548,13,0,6
C01121,42,20,27,9790,368,eletronicos,site,0.042,0.688,17,0,0
C01122,26,22,16,1450,69,moda,app,0.49,0.331,10,0,3
C01123,34,13,17,1230,103,mercado,app,0.819,0.426,6,2,2
C01124,22,12,51,1770,60,beleza,site,0.861,0.129,9,5,3
C01125,33,2,110,1020,200,mercado,loja,0.426,0.063,2,7,8
C01126,16,21,14,2720,126,moda,site,0.646,0.211,4,4,3
C01127,35,20,23,3310,49,mercado,app,0.74,0.509,11,3,5
C01128,56,15,18,6830,337,eletronicos,site,0.097,0.426,18,1,3
C01129,53,22,21,5230,521,moda,site,0.09,0.627,14,0,0
C01130,34,4,179,90,238,casa,site,0.622,0.0,2,4,5
C01131,45,22,36,2470,59,beleza,site,0.57,0.168,14,4,8
C01132,23,21,31,1070,30,eletronicos,app,0.745,0.274,9,5,1
C01133,29,14,3,8390,535,eletronicos,site,0.034,0.483,2,1,1
C01134,6,5,78,340,114,mercado,loja,0.178,0.059,4,1,1
C01135,54,26,4,3020,403,mercado,site,0.078,0.651,9,2,1
C01136,2,2,50,790,95,beleza,loja,0.097,0.155,4,0,1
C01137,29,2,197,930,57,mercado,loja,0.515,0.148,2,5,2
C01138,6,2,111,60,160,mercado,site,0.265,0.075,6,0,1
C01139,50,14,23,9190,383,eletronicos,app,0.131,0.273,16,2,1
C01140,2,1,69,430,56,moda,site,0.079,0.278,3,1,1
C01141,48,21,6,7670,461,eletronicos,app,0.127,0.593,12,0,0
C01142,39,1,173,620,254,beleza,app,0.473,0.054,0,4,3
C01143,16,11,22,1690,71,moda,app,0.645,0.442,9,1,3
C01144,4,5,60,230,141,beleza,site,0.335,0.104,5,2,0
C01145,46,7,12,6540,342,eletronicos,app,0.068,0.835,12,1,0
C01146,40,2,119,550,218,eletronicos,loja,0.607,0.046,3,6,5
C01147,66,21,8,1590,415,beleza,site,0.04,0.44,23,0,1
C01148,36,15,29,4400,485,casa,app,0.042,0.756,14,1,1
C01149,2,4,58,600,84,casa,site,0.273,0.25,0,0,2
C01150,16,17,35,3250,94,mercado,app,0.676,0.3,6,0,3
C01151,5,2,29,780,290,mercado,app,0.312,0.171,6,1,0
C01152,42,3,131,1480,212,eletronicos,site,0.551,0.008,1,2,8
C01153,10,11,10,2370,161,moda,app,0.67,0.357,11,3,3
C01154,49,0,258,1030,96,moda,app,0.223,0.136,2,7,1
C01155,34,1,180,810,156,eletronicos,app,0.598,0.103,3,5,3
C01156,57,2,235,820,40,beleza,app,0.769,0.0,1,4,5
C01157,45,23,41,7400,366,eletronicos,app,0.147,0.787,13,2,0
C01158,55,23,39,7040,339,casa,site,0.115,0.604,17,1,0
C01159,9,2,34,960,78,mercado,site,0.177,0.204,5,0,1
C01160,13,14,25,1900,121,moda,site,0.675,0.251,15,1,3
C01161,57,2,160,750,40,casa,site,0.433,0.022,2,9,6
C01162,45,21,11,2220,394,casa,site,0.033,0.568,20,1,1
C01163,3,4,75,180,340,eletronicos,app,0.0,0.186,2,0,0
C01164,31,6,2,1420,114,eletronicos,site,0.487,0.352,8,5,1
C01165,8,5,53,60,40,eletronicos,loja,0.213,0.048,2,2,2
C01166,45,16,20,5450,247,casa,loja,0.12,0.717,5,1,1
C01167,62,23,16,7230,317,eletronicos,site,0.08,0.41,16,0,1
C01168,42,21,18,11270,429,casa,app,0.064,0.585,14,2,0
C01169,3,9,13,1870,54,mercado,app,0.534,0.489,11,2,3
C01170,3,11,41,2100,86,mercado,app,0.524,0.186,15,4,3
C01171,59,26,33,5810,416,eletronicos,site,0.094,0.269,4,1,1
C01172,5,2,17,720,125,moda,app,0.234,0.093,3,0,1
C01173,43,20,30,9510,466,eletronicos,site,0.0,0.877,18,0,1
C01174,3,17,33,1220,106,eletronicos,app,0.575,0.315,6,1,2
C01175,36,1,183,980,99,beleza,app,0.417,0.078,3,6,5
C01176,5,2,34,650,164,eletronicos,loja,0.094,0.134,5,0,1
C01177,14,8,14,2530,30,moda,app,0.967,0.439,12,2,5
C01178,38,4,126,540,124,moda,site,0.574,0.059,2,3,6
C01179,14,19,43,1930,116,mercado,app,0.856,0.435,10,5,2
C01180,6,6,88,980,212,eletronicos,loja,0.126,0.06,4,1,0
C01181,69,22,5,8220,479,beleza,app,0.0,0.685,14,0,1
C01182,5,1,49,340,62,eletronicos,loja,0.317,0.12,3,0,0
C01183,5,2,30,480,126,beleza,loja,0.128,0.074,0,1,0
C01184,6,12,28,2480,83,moda,app,0.642,0.336,9,4,4
C01185,36,0,178,890,101,eletronicos,app,0.48,0.044,2,5,1
C01186,37,20,35,630,99,beleza,site,0.81,0.5,17,7,4
C01187,2,3,80,390,286,moda,loja,0.302,0.169,2,2,0
C01188,1,5,107,330,159,beleza,app,0.289,0.164,2,1,1
C01189,70,12,21,8900,208,casa,site,0.15,0.342,14,1,0
C01190,36,26,32,8270,280,eletronicos,app,0.126,0.613,17,0,0
C01191,16,15,41,760,109,mercado,site,0.664,0.253,9,4,4
C01192,34,1,133,1010,187,moda,loja,0.526,0.13,2,4,3
C01193,35,18,27,5900,296,eletronicos,site,0.078,0.442,18,4,1
C01194,3,4,75,300,61,moda,app,0.296,0.119,5,2,2
C01195,28,16,32,2960,60,moda,app,0.641,0.318,12,0,2
C01196,6,3,60,820,262,moda,site,0.251,0.136,5,1,2
C01197,52,19,32,10160,252,casa,site,0.104,0.648,33,0,1
C01198,4,2,62,130,154,beleza,site,0.052,0.093,2,1,1
C01199,41,24,14,8930,363,moda,site,0.0,0.643,9,3,0
C01200,8,4,73,60,256,moda,app,0.24,0.009,3,1,1
C01201,42,3,165,740,139,mercado,app,0.457,0.105,4,3,4
C01202,46,17,3,11120,341,casa,site,0.092,0.476,14,0,1
C01203,67,21,3,5790,310,casa,app,0.086,0.694,14,1,1
C01204,21,20,17,490,119,mercado,app,0.687,0.296,2,3,0
C01205,49,26,18,5630,375,casa,app,0.142,0.582,14,2,0
C01206,41,0,190,350,177,beleza,site,0.435,0.132,1,5,6
C01207,48,1,210,360,111,casa,app,0.353,0.025,1,5,7
C01208,43,1,113,330,157,mercado,loja,0.391,0.052,1,1,5
C01209,4,5,64,300,178,beleza,app,0.277,0.0,4,0,0
C01210,38,3,132,1060,170,mercado,site,0.294,0.088,0,8,4
